Seq,TaskID,Category,ImplementationStatus,Screen,Route,PageEntry,DependsOn,RequirementRef,Priority,DetailFileExists,wave_id
1,PAGE-SCR001,PAGE,IMPLEMENT,SCR-001,`/`,`src/app/page.tsx`(기존 스타터 템플릿 교체),"CMP-SCR001-SEARCH, CMP-SCR001-DESTINATION-GRID, CMP-SCR001-DESTINATION-DRAWER, CMP-SCR001-SAFETY-DRAWER, CMP-SCR001-MATE-PREVIEW, CMP-SCR001-FAVORITES, DATA-DESTINATIONS, DATA-SAFETY, DATA-REPRESENTATIVE, SHARED-HEADER-FOOTER, SHARED-DESIGN-TOKENS","REQ-FUNC-001,002,003,004,005,006,007,008,009,046~054,057,059,060,062,063,064,065,068,070,079",P1,Y,W10
2,PAGE-SCR002,PAGE,IMPLEMENT,SCR-002,`/about`,`src/app/about/page.tsx`(신규 생성),"CMP-SCR002-TIMELINE, CMP-SCR002-COUNTRY-CHIPS, CMP-SCR002-GALLERY, DATA-REPRESENTATIVE, SHARED-HEADER-FOOTER, SHARED-DESIGN-TOKENS","REQ-FUNC-057,058,059,060,061,062,063,064,065,079",P1,Y,W12
3,PAGE-SCR003,PAGE,IMPLEMENT,SCR-003,`/travel-tools`,`src/app/travel-tools/page.tsx`(신규 생성),"CMP-SCR003-TABS, CMP-SCR003-FLIGHT, CMP-SCR003-HOTEL, CMP-SCR003-MATE-WRITE, SHARED-HEADER-FOOTER, SHARED-DESIGN-TOKENS, SHARED-POLICY-CONTENT","REQ-FUNC-011~026,027,028,029,031,032,080",P1,Y,W15
4,PAGE-SCR004,PAGE,IMPLEMENT,SCR-004,`/mates`,`src/app/mates/page.tsx`(신규 생성),"CMP-SCR004-FILTER, CMP-SCR004-LIST, CMP-SCR004-DETAIL, CMP-SCR004-APPLICATION, CMP-SCR004-REPORT, CMP-SCR004-BLOCK, SHARED-HEADER-FOOTER","REQ-FUNC-030,033,034,035,036,037,039,040,079,080",P1,Y,W20
5,PAGE-SCR005,PAGE,IMPLEMENT,SCR-005,`/account`,`src/app/account/page.tsx`(신규 생성),"CMP-SCR005-AUTH, CMP-SCR005-PROFILE, CMP-SCR005-MY-ACTIVITY, CMP-SCR005-ADMIN, SHARED-HEADER-FOOTER","REQ-FUNC-028,029,036,038,040,041,042,066,068,077",P1,Y,W22
6,CMP-SCR001-SEARCH,COMPONENT,IMPLEMENT,SCR-001,— (PAGE-SCR001 소유),— (PAGE-SCR001 소유),DATA-DESTINATIONS,"REQ-FUNC-002,003",P1,Y,W08
7,CMP-SCR001-DESTINATION-GRID,COMPONENT,IMPLEMENT,SCR-001,— (PAGE-SCR001 소유),— (PAGE-SCR001 소유),DATA-DESTINATIONS,"REQ-FUNC-001,004,005,007,009",P1,Y,W08
8,CMP-SCR001-DESTINATION-DRAWER,COMPONENT,IMPLEMENT,SCR-001,— (PAGE-SCR001 소유),— (PAGE-SCR001 소유),"CMP-SCR001-DESTINATION-GRID, DATA-DESTINATIONS, DATA-SAFETY, SHARED-DESIGN-TOKENS","REQ-FUNC-004,006,007,009",P1,Y,W09
9,CMP-SCR001-SAFETY-DRAWER,COMPONENT,IMPLEMENT,SCR-001,— (PAGE-SCR001 소유),— (PAGE-SCR001 소유),"DATA-SAFETY, SHARED-DESIGN-TOKENS","REQ-FUNC-046,047,048,049,050,051,052,053,054",P1,Y,W08
10,CMP-SCR001-MATE-PREVIEW,COMPONENT,IMPLEMENT,SCR-001,— (PAGE-SCR001 소유),— (PAGE-SCR001 소유),"API-MATE-POSTS, DB-ACCESS","REQ-FUNC-030,033,037",P1,Y,W09
11,CMP-SCR001-FAVORITES,COMPONENT,IMPLEMENT,SCR-001,— (PAGE-SCR001 소유),— (PAGE-SCR001 소유),—,REQ-FUNC-068,P2,Y,W08
12,CMP-SCR002-TIMELINE,COMPONENT,IMPLEMENT,SCR-002,— (PAGE-SCR002 소유),— (PAGE-SCR002 소유),DATA-REPRESENTATIVE,REQ-FUNC-060,P2,Y,W11
13,CMP-SCR002-COUNTRY-CHIPS,COMPONENT,IMPLEMENT,SCR-002,— (PAGE-SCR002 소유),— (PAGE-SCR002 소유),DATA-REPRESENTATIVE,REQ-FUNC-059,P2,Y,W11
14,CMP-SCR002-GALLERY,COMPONENT,IMPLEMENT,SCR-002,— (PAGE-SCR002 소유),— (PAGE-SCR002 소유),DATA-REPRESENTATIVE,REQ-FUNC-061,P2,Y,W11
15,CMP-SCR003-TABS,COMPONENT,IMPLEMENT,SCR-003,— (PAGE-SCR003 소유),— (PAGE-SCR003 소유),SHARED-DESIGN-TOKENS,"— (UI 구조, 없음)",P1,Y,W13
16,CMP-SCR003-FLIGHT,COMPONENT,IMPLEMENT,SCR-003,— (PAGE-SCR003 소유),— (PAGE-SCR003 소유),CMP-SCR003-TABS,"REQ-FUNC-011,012,013,014,015,016,017,018",P1,Y,W14
17,CMP-SCR003-HOTEL,COMPONENT,IMPLEMENT,SCR-003,— (PAGE-SCR003 소유),— (PAGE-SCR003 소유),CMP-SCR003-TABS,"REQ-FUNC-019,020,021,022,023,024,025,026",P1,Y,W14
18,CMP-SCR003-MATE-WRITE,COMPONENT,IMPLEMENT,SCR-003,— (PAGE-SCR003 소유),— (PAGE-SCR003 소유),"CMP-SCR003-TABS, API-MATE-POSTS, API-AUTH-ADULT-VERIFY","REQ-FUNC-027,028,029,031,032,080",P1,Y,W14
19,CMP-SCR004-FILTER,COMPONENT,IMPLEMENT,SCR-004,— (PAGE-SCR004 소유),— (PAGE-SCR004 소유),API-MATE-POSTS,REQ-FUNC-030,P1,Y,W16
20,CMP-SCR004-LIST,COMPONENT,IMPLEMENT,SCR-004,— (PAGE-SCR004 소유),— (PAGE-SCR004 소유),"CMP-SCR004-FILTER, API-MATE-POSTS, DB-ACCESS","REQ-FUNC-030,033,037",P1,Y,W17
21,CMP-SCR004-DETAIL,COMPONENT,IMPLEMENT,SCR-004,— (PAGE-SCR004 소유),— (PAGE-SCR004 소유),"CMP-SCR004-LIST, DB-RLS-BASE","REQ-FUNC-033,037,039,040",P1,Y,W18
22,CMP-SCR004-APPLICATION,COMPONENT,IMPLEMENT,SCR-004,— (PAGE-SCR004 소유),— (PAGE-SCR004 소유),"CMP-SCR004-DETAIL, API-MATE-APPLICATIONS, API-AUTH-ADULT-VERIFY","REQ-FUNC-034,035,036",P1,Y,W19
23,CMP-SCR004-REPORT,COMPONENT,IMPLEMENT,SCR-004,— (PAGE-SCR004 소유),— (PAGE-SCR004 소유),API-REPORTS,REQ-FUNC-039,P1,Y,W16
24,CMP-SCR004-BLOCK,COMPONENT,IMPLEMENT,SCR-004,— (PAGE-SCR004 소유),— (PAGE-SCR004 소유),API-USER-BLOCKS,REQ-FUNC-040,P1,Y,W16
25,CMP-SCR005-AUTH,COMPONENT,IMPLEMENT,SCR-005,— (PAGE-SCR005 소유),— (PAGE-SCR005 소유),API-AUTH-ADULT-VERIFY,REQ-FUNC-066,P1,Y,W21
26,CMP-SCR005-PROFILE,COMPONENT,IMPLEMENT,SCR-005,— (PAGE-SCR005 소유),— (PAGE-SCR005 소유),"API-AUTH-ADULT-VERIFY, DB-ACCESS","REQ-FUNC-028,029",P1,Y,W21
27,CMP-SCR005-MY-ACTIVITY,COMPONENT,IMPLEMENT,SCR-005,— (PAGE-SCR005 소유),— (PAGE-SCR005 소유),"API-MATE-POSTS, API-MATE-APPLICATIONS, API-USER-BLOCKS","REQ-FUNC-036,038,040,068",P1,Y,W21
28,CMP-SCR005-ADMIN,COMPONENT,IMPLEMENT(축소),SCR-005,— (PAGE-SCR005 소유),— (PAGE-SCR005 소유),"API-REPORTS, API-ADMIN-SETTINGS","REQ-FUNC-041,042,077",P1,Y,W21
29,DATA-DESTINATIONS,DATA,IMPLEMENT,—,—,—,—,"REQ-FUNC-001,002,004,005,007,008,009; REQ-NF-006,026",P0,Y,W01
30,DATA-SAFETY,DATA,IMPLEMENT,—,—,—,—,"REQ-FUNC-046,047,048,049,051,052,053,054; REQ-NF-027,028",P0,Y,W01
31,DATA-REPRESENTATIVE,DATA,IMPLEMENT,—,—,—,—,"REQ-FUNC-057,058,059,060,061,062,063",P0,Y,W01
32,DB-SCHEMA-BASE,DB,IMPLEMENT,—,—,—,—,"REQ-FUNC-028,029,031,034,035,039,040,044,077",P0,Y,W04
33,DB-RLS-BASE,DB,IMPLEMENT,—,—,—,DB-SCHEMA-BASE,"REQ-FUNC-033,044; REQ-NF-013",P0,Y,W05
34,DB-ACCESS,DB,IMPLEMENT,—,—,—,—,"REQ-FUNC-027; REQ-NF-014,015,016,017",P0,Y,W04
35,DB-SEED-BASE,DB,IMPLEMENT,—,—,—,DB-SCHEMA-BASE,"— (테스트 지원용, 직접 연결 REQ 없음)",P2,Y,W05
36,API-MATE-POSTS,API,IMPLEMENT,—,`/api/mates`,—,"DB-SCHEMA-BASE, DB-RLS-BASE, DB-ACCESS","REQ-FUNC-031,037,038",P1,Y,W06
37,API-MATE-APPLICATIONS,API,IMPLEMENT,—,`/api/mates/[id]/applications`,—,"DB-SCHEMA-BASE, DB-RLS-BASE, DB-ACCESS, API-MATE-POSTS","REQ-FUNC-034,035,036,043",P1,Y,W07
38,API-USER-BLOCKS,API,IMPLEMENT,—,`/api/blocks`,—,"DB-SCHEMA-BASE, DB-RLS-BASE, DB-ACCESS",REQ-FUNC-040,P1,Y,W06
39,API-REPORTS,API,IMPLEMENT(축소),—,`/api/reports`,—,"DB-SCHEMA-BASE, DB-RLS-BASE, DB-ACCESS","REQ-FUNC-039,041,042; REQ-NF-019",P1,Y,W06
40,API-ADMIN-SETTINGS,API,IMPLEMENT,—,`/api/admin/settings/outbound`,—,"DB-SCHEMA-BASE, DB-ACCESS",REQ-FUNC-077,P1,Y,W05
41,API-AUTH-ADULT-VERIFY,API,IMPLEMENT,—,`/auth/callback`(기술 Route),—,"DB-SCHEMA-BASE, DB-ACCESS","REQ-FUNC-027,028,066",P1,Y,W05
42,SHARED-HEADER-FOOTER,SHARED,IMPLEMENT,전역,전역(5개 Route 공통),`src/app/layout.tsx`(기존 파일 수정),SHARED-DESIGN-TOKENS,"REQ-FUNC-064,065",P0,Y,W02
43,SHARED-DESIGN-TOKENS,SHARED,IMPLEMENT,전역,—,"`tailwind.config.ts`(신규 또는 수정), `src/app/globals.css`(기존 파일 수정)",—,"REQ-NF-006,023",P0,Y,W01
44,SHARED-TOAST-ALERT,SHARED,IMPLEMENT(축소),전역,전역(5개 Route 공통),`src/app/layout.tsx`(기존 파일 수정),SHARED-DESIGN-TOKENS,REQ-FUNC-043,P2,Y,W02
45,SHARED-SEO-METADATA,SHARED,IMPLEMENT(축소),전역,전역(5개 Route 공통),각 Page Entry(기존/신규 파일 수정),"DATA-DESTINATIONS, DATA-SAFETY, DATA-REPRESENTATIVE",REQ-FUNC-070; REQ-NF-030,P2,Y,W23
46,SHARED-A11Y-FOCUS,SHARED,IMPLEMENT(축소),전역,전역(5개 Route 공통),전역 컴포넌트(기존 파일 수정),SHARED-DESIGN-TOKENS,REQ-FUNC-079; REQ-NF-023,P2,Y,W24
47,SHARED-ERROR-PAGES,SHARED,IMPLEMENT,기술 Route,`*`,"`src/app/not-found.tsx`, `src/app/error.tsx`(신규)",SHARED-HEADER-FOOTER,REQ-FUNC-078,P2,Y,W03
48,SHARED-POLICY-CONTENT,SHARED,IMPLEMENT,전역(SCR-003 동의 체크박스 연동),"`/travel-tools`(동의), 전역(푸터 링크)","`src/app/travel-tools/page.tsx`(연동), 정책 콘텐츠는 `src/data/policies.ts`(신규)",—,REQ-FUNC-080,P2,Y,W01
49,GOV-CONTENT-COMPLETENESS,GOV,IMPLEMENT(축소),—,—,—,"DATA-DESTINATIONS, DATA-SAFETY, DATA-REPRESENTATIVE","REQ-FUNC-008,074; REQ-NF-026,027,028",P1,Y,W24
50,UNIT-TRAVEL-DATES,UNIT_TEST,IMPLEMENT,—,—,—,"CMP-SCR003-FLIGHT, CMP-SCR003-HOTEL","REQ-FUNC-013,021",P1,Y,W24
51,UNIT-CONTACT-DETECTION,UNIT_TEST,IMPLEMENT,—,—,—,CMP-SCR003-MATE-WRITE,REQ-FUNC-032,P1,Y,W24
52,UNIT-MATE-STATE,UNIT_TEST,IMPLEMENT,—,—,—,"API-MATE-POSTS, API-MATE-APPLICATIONS","REQ-FUNC-035,036,037",P1,Y,W24
53,TEST-RLS-BASIC,INTEGRATION_TEST,IMPLEMENT,—,—,—,"DB-RLS-BASE, DB-SEED-BASE",REQ-FUNC-044; REQ-NF-013,P1,Y,W24
54,E2E-PUBLIC-SMOKE,E2E,IMPLEMENT,"SCR-001, SCR-002, SCR-004","`/`, `/about`, `/mates`",—,"PAGE-SCR001, PAGE-SCR002, PAGE-SCR004","REQ-FUNC-001,004,006,046,057; REQ-NF-019",P1,Y,W25
55,E2E-TRAVEL-TOOLS,E2E,IMPLEMENT,SCR-003,`/travel-tools`,—,PAGE-SCR003,"REQ-FUNC-011,014,016,019,022,024; REQ-NF-011,017",P1,Y,W24
56,E2E-MATE-AUTH,E2E,IMPLEMENT,"SCR-004, SCR-005","`/mates`, `/account`",—,"PAGE-SCR004, PAGE-SCR005","REQ-FUNC-027,028,031,034,036,039,040,066",P1,Y,W25
57,CI-PIPELINE,CI,IMPLEMENT,—,—,—,"UNIT-TRAVEL-DATES, UNIT-CONTACT-DETECTION, UNIT-MATE-STATE, TEST-RLS-BASIC, E2E-PUBLIC-SMOKE, E2E-TRAVEL-TOOLS, E2E-MATE-AUTH, GOV-CONTENT-COMPLETENESS",REQ-NF-031,P2,Y,W26
58,DEPLOY-VERCEL-SUPABASE-CHECK,DEPLOY,IMPLEMENT,—,—,—,CI-PIPELINE,"REQ-NF-012,016,034",P2,Y,W27
